nonce	classical	n_shots	rung	ms	stream_fp
100482915369184	9	9024	9024	59213	fcd82f5fd28d163966a4ea2f0ba1723d
101582426996960	23	9024	9024	71538	4cfd98537ab89dde33c9d1d3afa5dc2a
102681938624736	16	9024	9024	66801	d43a787a5319b060c62184a65e9f24e3
103781450252512	12	9024	9024	62853	01620f745471b58e1b6a0997a2cb65b3
104880961880288	13	9024	9024	64066	b2ea63d29b00d76e6ac071f273790698
105980473508064	19	9024	9024	71463	639dd4aa7e733900fab2b5afc6548428
107079985135840	20	9024	9024	65624	6c172670da007cc9a271e253538a6082
108179496763616	17	9024	9024	64350	98ebaebe02ffc33cecab8bf0e345add0
109279008391392	21	9024	9024	67931	33d50c281366fff66c030a5035860fad
110378520019168	16	9024	9024	60041	67f38bcb4d165bff30356f17efdb0175
111478031646944	15	9024	9024	64335	db13dd05a9a7afc41f1c9281f1af86d1
112577543274720	17	9024	9024	64640	d33f539098d38caa0b5d2cf1982077a3
113677054902496	23	9024	9024	62385	bc74156064f3d80fca6dfd9d727d93ac
114776566530272	20	9024	9024	66788	10022e01b043141b676c63324faac681
115876078158048	13	9024	9024	66976	6331b68d5c04bdd561677bd116998d70
116975589785824	13	9024	9024	70742	07f5447ca75eb8a601a57212e9ce40ef
118075101413600	23	9024	9024	67354	da5a8e00fc14f300a14bc9901a4d0b3c
119174613041376	19	9024	9024	70163	ef005b84ab3dc3af937ae0a4bf0a01e6
120274124669152	17	9024	9024	59146	82585e5fce675d1fa80982dca5474159
121373636296928	14	9024	9024	61845	efa2418f5da610ab2ee2fa6aaad2e929
122473147924704	11	9024	9024	70420	db4d2c88b7f6298223a667bb799691d9
123572659552480	14	9024	9024	65846	66b049cf871d48d6def64944c947ffba
124672171180256	18	9024	9024	68959	bc6fa530fc454ea44ee8eea99f6e06dd
125771682808032	22	9024	9024	68786	0d179bffa54e0d23a9070731062d4b99
126871194435808	14	9024	9024	71274	897014393e39fbe46a378c7461de56a7
127970706063584	12	9024	9024	68893	1d48207d6716c3cc486f755141fb0888
129070217691360	13	9024	9024	63831	8e6be7dd4ac1be721c6486c9fea3417f
130169729319136	14	9024	9024	68093	9082f6d2313500e894c0a01db6c788cc
131269240946912	15	9024	9024	60259	12587823c64f1028ca19bdcd41b9415d
132368752574688	22	9024	9024	63105	f139a3ce2d2dcab4e233c5243d58075e
133468264202464	15	9024	9024	69917	202650795f62f9644ac5e521e48fdd8a
134567775830240	10	9024	9024	66726	3d055bca22003cd20a83a888df4a332a
135667287458016	21	9024	9024	65672	5285a32570a743b693a66bd43baee354
136766799085792	14	9024	9024	69228	b9109dd84b7db4f33f129931d2d28513
137866310713568	13	9024	9024	69584	04371b58ca52daec9d873cbce09f1eba
138965822341344	25	9024	9024	65963	6387c3d3f6172fa6b59092186f6715e6
140065333969120	14	9024	9024	70351	0a165e13cc1d990f5c3e9ca4de320afc
141164845596896	17	9024	9024	71329	d8df5c8c2fcd9bc94e99d839fd298535
142264357224672	18	9024	9024	70592	2edca11244c4c7d15287cd79b0c440fe
143363868852448	16	9024	9024	72299	64e5257fa2fad0fe936260bb2ee1e477
144463380480224	18	9024	9024	63716	bceaafd42b6376f34778548d9e3edd4b
145562892108000	14	9024	9024	70526	23388fd8fb59aed1c67df1191e6d62a1
146662403735776	17	9024	9024	71652	8753efcddd89c491c225e099c543804e
147761915363552	19	9024	9024	70148	f9d9a5be27861abdda5b201e955d5ab6
148861426991328	11	9024	9024	74623	afa59d1d84fe01c0a4b4c3a0a1b32fd9
149960938619104	18	9024	9024	67664	1479c5d032245b4550b06d871361eab6
151060450246880	13	9024	9024	67489	759c8445013c117022c894892011482a
152159961874656	21	9024	9024	71334	229c9ac765dd04badd129429bc9ccf7a
153259473502432	24	9024	9024	68938	e23275a14ba5411aa8fccd81fb7f60ce
154358985130208	15	9024	9024	71265	fc4eefb15c8ca156a9fc7851edb737ef
155458496757984	16	9024	9024	70200	db1d186a6f85221d2c05d84222b73f58
156558008385760	14	9024	9024	68923	ef36e79c0620af5322dbaeac52dae540
157657520013536	13	9024	9024	60404	a2e57021f58cbb3970857c8fd83f88b4
158757031641312	26	9024	9024	64195	e21eb7121b5e8996d8409908aff879dd
159856543269088	13	9024	9024	69194	76a25cae7e91dea0296afc37a0bbdc7b
160956054896864	17	9024	9024	68967	3cebe2da21285e84d7b9192d4af03110
162055566524640	13	9024	9024	64424	6370f87dda483fb36324c47afb32bcef
163155078152416	17	9024	9024	67704	3fc71e2e50bec91e775b7c5cd839813f
164254589780192	11	9024	9024	73194	b642113930d7b4eabb3c109ea6af2928
165354101407968	18	9024	9024	66215	a725e03aee3822f3346ca8823cf392c5
166453613035744	18	9024	9024	72359	7a45b79c11f414a2759d04089e95153f
167553124663520	20	9024	9024	72053	c6942ab518fe4fc104f8421e83dde823
168652636291296	16	9024	9024	61113	0b60e840ef467f02ab47613d29a69197
169752147919072	18	9024	9024	64970	db15fbcb3b54dd34c6399a934f7d0245
170851659546848	10	9024	9024	62760	e3ebd82572ad3062d5c5ffd35a3e2179
171951171174624	20	9024	9024	57760	31d5c80969769475935ab0e24a797f15
62000008397025	16	9024	9024	82272	99f043d19b4fc0971ed7eb93957bdec2
62000008397026	16	9024	9024	87293	42c9617cba4887c388ef87fd8e316c5e
62000008397027	13	9024	9024	81610	e28af6ce7e738178d2eaa8d848acdb67
62000008397028	18	9024	9024	84452	8c04560ae60cc6e0ae46babf8420fc24
62000008397029	15	9024	9024	82481	eea1cdccdc7a1a86a04d2b892b621e08
62000008397030	18	9024	9024	82986	1c4ce3a96b8cd31c4ccd9af20b79051c
62000008397031	18	9024	9024	80549	e71dcf10e3b2a23ab2c460107d44ed3d
62000008397032	16	9024	9024	85958	8ce231f67552e17e475c0e6fb59ef608
62000008397033	18	9024	9024	78492	b16b38181e99c5032820eeb328e4683d
62000008397034	18	9024	9024	85553	421d8cb4d32638648713bca65e635965
62000008397035	11	9024	9024	81732	12bf7bc99c9a40c67b3981c142e78f8b
62000008397036	12	9024	9024	79099	fdabed9876fe10251344840fb3d30eb7
62000008397037	17	9024	9024	82307	f581037a9334343e67ec6a8ddb1810a6
62000008397038	20	9024	9024	70427	bfb034491dddc55433c8c8635c9f9630
62000008397039	14	9024	9024	67640	022765338b95e5562d7ce951b0b6b674
62000008397040	13	9024	9024	80903	6183a79ca1ab35ffe46a6740ce02754d
62000008397041	11	9024	9024	74413	22983319c874ce1288c98c488656a54b
62000008397042	14	9024	9024	70848	3b0caecba3ceb800e07744a544857252
62000008397043	17	9024	9024	71544	d8b23696764158cec79cb7ba396501b0
62000008397044	15	9024	9024	76955	89ddd602155e46f4663d0812af6faad1
62000008397045	23	9024	9024	70324	49118ee5e5f680522f8ec10171581aa0
62000008397046	12	9024	9024	69098	2bf41664131942e1707121c94fa7dc2b
62000008397047	13	9024	9024	67545	d7d69d98f016f28b1f159d70b7600c67
62000008397048	15	9024	9024	71890	38308c0c0d7ac491ce94457123c741b4
62000008397049	18	9024	9024	70705	4023c427e9bc02369fe2e5a0b9465185
62000008397050	11	9024	9024	82059	75128c78ea6d969ef1ea54de7a9a7ab2
62000008397051	17	9024	9024	69353	d46afad7a1232587a0c172313f29e4a0
62000008397052	24	9024	9024	60286	6f589e7bbfd2e17cf74d852f46d33cf9
62000008397053	16	9024	9024	65895	aa4044cb8b1cc1579664e62c482a89ee
62000008397054	22	9024	9024	66111	9ca078fc519712221a512c259ab366a4
62000008397055	11	9024	9024	67163	948f79b709ef03951d114e1beef6db19
62000008397056	16	9024	9024	70895	2ab903781574d14467d26b47d56fde43
62000008397057	19	9024	9024	73012	521d43553bc90d80d73874e8afa05650
62000008397058	17	9024	9024	68482	27888bc53349c386e3b3898e48b02d3c
62000008397059	21	9024	9024	65326	b9a54e8f78f0ef0789067fdeaebecaa0
62000008397060	10	9024	9024	66347	c550fa4e46c9ea425e7a371fa73e11e4
62000008397061	14	9024	9024	69642	785e3c21495d1bce0b1344b5257e094b
62000008397062	15	9024	9024	68588	1fc39ae11d3519aa3c3c408625007ec6
62000008397063	19	9024	9024	66469	00c0c133dafd309c92e562e3f9f9210a
62000008397064	10	9024	9024	68614	7a03bd3aab63978de1d6b0e4e494e4ec
62000008397065	17	9024	9024	69771	c8afa159441ed9fd6d929daeeef587e9
62000008397066	16	9024	9024	57704	ec958efb7c318a59175654566a3b399b
62000008397067	23	9024	9024	64296	bcfacc7c42ea82757f17203d2c6b579e
62000008397068	26	9024	9024	59806	6166d052da5b98f703faeb86f4396ec6
62000008397069	10	9024	9024	64987	c0c591522dc481fe75b235fa8f1abe2c
62000008397070	17	9024	9024	65548	02b627f999790c8f248cbe5f4c87859c
62000008397071	6	9024	9024	68753	503bc1b5aee333106df186ae13ccb62a
62000008397072	17	9024	9024	65432	b6a831c50dcc721e7af2709f76fd8cb9
62000008397073	20	9024	9024	69390	88f070560d32ecbc9571490b002b109a
62000008397074	18	9024	9024	64944	8bf3ce2864408c77711c78d2e83e776d
62000008397075	23	9024	9024	66006	1418d286b5760f751e8bac10d3ce2d5a
62000008397076	14	9024	9024	65651	83c0757245705b25e4d688464529d2d2
62000008397077	23	9024	9024	67846	4a4a8f1b2731ffff4a160329a66e67f1
62000008397078	11	9024	9024	69232	502952e901a85ddc3a82e5e367fbff66
62000008397079	21	9024	9024	68592	900f7321ddd633b4a8341bb30c6808d9
62000008397080	18	9024	9024	69085	392a00dd6d4d251fe438a10e57774bc7
62000008397081	18	9024	9024	73307	40ef2388ed1b1953448c07908c8e4513
62000008397082	13	9024	9024	68688	3c22bd720d8c0d83cc82f25579cb249f
62000008397083	15	9024	9024	62344	ea1bdd6c63e545554c18ed24150f46b9
62000008397084	13	9024	9024	68764	b955a913eef2cd93d8be3561d0f496a1
62000008397085	15	9024	9024	68651	0ab09ed7d62320dc5fd72a2c0e5e3a7d
62000008397086	21	9024	9024	64884	124cb5fa337a4d9114d9db396dc1e7af
62000008397087	10	9024	9024	67926	616ea2d9fec697791da2c713036f0d8f
62000008397088	23	9024	9024	69708	7977c58c92c973ef559b971ca3dda6db
62000008397089	16	9024	9024	67035	ebb7cd2dc132e99e7ab0353b1686cae1
62000008397090	17	9024	9024	68811	b46c4a68803071260c71b263f3367b39
62000008397091	18	9024	9024	64643	36813d6f632586d8b103c6bfba33077c
62000008397092	22	9024	9024	69025	5fccee636a68ef9695d78a687224579c
62000008397093	17	9024	9024	67838	39fcc1b5473c87d82d4c647a6e74e5a7
62000008397094	17	9024	9024	68073	e038c48224ec4c6cce619c2180b7e92d
62000008397095	8	9024	9024	69393	23f8d1edeb5c353eb06c254c2494e7e4
62000008397096	16	9024	9024	64330	54665327be2e5a4cf5203a102de90459
62000008397097	15	9024	9024	65555	740bfd775724fb3fdb162686b396a88d
62000008397098	17	9024	9024	70695	01e11fbae870a3e0163629000f587fa0
62000008397099	13	9024	9024	61445	f4e7ddf4a54c205050f1efd0beab55cc
62000008397100	18	9024	9024	71201	957d0b092b2c6b6c75bedf5fa45ad32f
62000008397101	17	9024	9024	61721	91ef1ba4ddc6de885163f69128eda335
62000008397102	16	9024	9024	65511	f33bd03377c6ce579b3b13a0905d2c99
62000008397103	12	9024	9024	67171	87b2f1196094f9d7d66b24d107b7666a
62000008397104	14	9024	9024	71492	1cc976a4317ebb5abd4a3b3d10be0596
62000008397105	15	9024	9024	67452	2b3b42fa9b50286a9665fcfb07d9a75b
62000008397106	18	9024	9024	68670	006ac5dd81eec79391ca035c38dc394f
62000008397107	21	9024	9024	70767	e81033cd7eea6b11d50db7862674c4d8
62000008397108	23	9024	9024	67271	9416bbad5a22872dbfac8f792627fd06
62000008397109	19	9024	9024	67905	ce12ab569605e69719acbf0ad152e728
62000008397110	13	9024	9024	64669	a5f2620874df1142d38a1a3de9457c35
62000008397111	17	9024	9024	67410	162be13038b48a203690600673c69364
62000008397112	17	9024	9024	68903	df4f5b95f402e794523bbc6601453530
62000008397113	14	9024	9024	72760	a320f1350b7327b36b24c234daf848f6
62000008397114	13	9024	9024	65061	70068c046ad69d7d78583076059bcea0
62000008397115	18	9024	9024	68364	296e7b89c4f95edd16d8ceceb032db08
62000008397116	15	9024	9024	64593	febd2eb3253b2d17ab43c4309f846de4
62000008397117	17	9024	9024	63298	055b8ca7825320b99d42fb997eec1bbb
62000008397118	9	9024	9024	70419	f773bc52afe3890689ad17d3cf10a4e4
62000008397119	22	9024	9024	70865	7a09b4e65eeefddf5f069e863d4d36b7
62000008397120	17	9024	9024	64921	7902259632ab3060e0de98196887a7d7
62000008397121	14	9024	9024	67003	3afbf192c3d71e3d2aa96b1766987559
62000008397122	16	9024	9024	71247	b0055f8d0d429382222cea2601ca45d3
62000008397123	12	9024	9024	68150	d2449748282007f7cb9f52f7a9bcf2a4
63099520024800	10	9024	9024	69893	f5099b43546b86d985024ef282405b6a
64199031652576	17	9024	9024	70835	3f9c62857b596f6e99645e9c46acc706
65298543280352	20	9024	9024	62107	48aa719e85c1e8c41bf47e1b8ee889f3
66398054908128	11	9024	9024	66476	baa029d6491f118460e3f80cbcacfb0f
67497566535904	23	9024	9024	69760	31a29a8bf822894d83f5b4ed843c5fda
68597078163680	21	9024	9024	67235	cd1140ed2a89445adcfd08a85523404f
69696589791456	17	9024	9024	68716	23ceeb462854868dc722b4d0f2dc83dd
70796101419232	22	9024	9024	62850	ce5009c3c8216c1a854a94b997c1a4b4
71895613047008	14	9024	9024	68750	3596c5883b38c7e4a26b4a2c5582bcfd
72995124674784	13	9024	9024	67115	21baecbc6d895ab6ef84a664b93b51ec
74094636302560	15	9024	9024	61549	d3f4503520713ed22090e1d7e14c0f8b
75194147930336	15	9024	9024	63690	fcace3509da53289356be9775b2532ee
76293659558112	15	9024	9024	73161	91b45b9233759729c08b30684dd5fba6
77393171185888	21	9024	9024	67641	1b159090d491518f06a5fb801915146e
78492682813664	19	9024	9024	64851	1883b05b8685185cf26b0e9334f51071
79592194441440	13	9024	9024	69834	334122e08b4e5429b91f0fed7ff22c90
80691706069216	12	9024	9024	64146	11c11fd09805a9497949c6b6fdc4f19b
81791217696992	15	9024	9024	67822	1045caed9a36c8695dce431e13b75cfd
82890729324768	20	9024	9024	67504	059a8265ebd51b7b4f63948207421087
83990240952544	13	9024	9024	68604	2ac9717c55e37a92d8ca1aca09ba8b0e
85089752580320	18	9024	9024	70148	d84f4937bd2c625fb053dee075407921
86189264208096	16	9024	9024	69217	fb95cb235aa7f2cc5a65b7031ae943eb
87288775835872	19	9024	9024	68443	4dc5e3c51cc2d2e6d42a86b179d1b55f
88388287463648	12	9024	9024	64866	19e700e4e397a81142e5f91c18f6755d
89487799091424	14	9024	9024	65938	c9f48bfaf8374b17065eade1eab11a61
90587310719200	17	9024	9024	70369	674be0f1cad78a2ca2ef614021fe95e4
91686822346976	18	9024	9024	69341	dc05ca50302a52b97d17db1e8aef2faa
92786333974752	8	9024	9024	67567	a96fb0e3f36eca3f2da5dc9d1bdf8f86
93885845602528	14	9024	9024	72986	ded01ffe0b5d67cf17a22043b3245632
94985357230304	14	9024	9024	60848	8167b515046870589e4210a2c9d49bc2
96084868858080	19	9024	9024	63982	73e815cc09a0eb77268250b324f0309a
97184380485856	15	9024	9024	67700	c7b31da841a351ed07eb1f017195f706
98283892113632	18	9024	9024	67051	0e599712a96b5ffc7cf128f03580dc2c
99383403741408	10	9024	9024	68283	2f9d2c64090b3ac447a2641a39a5c8c3
